<?xml version="1.0" encoding="UTF-8"?>
<project-private xmlns="http://www.netbeans.org/ns/project-private/1">
    <editor-bookmarks xmlns="http://www.netbeans.org/ns/editor-bookmarks/2" lastBookmarkId="0"/>
    <open-files xmlns="http://www.netbeans.org/ns/projectui-open-files/2">
        <group>
            <file>file:/D:/User%20Accounts/Documents/NetBeansProjects/taskmanager/src/taskmanager/new_task.java</file>
            <file>file:/D:/User%20Accounts/Documents/NetBeansProjects/taskmanager/src/taskmanager/dbcon.java</file>
            <file>file:/D:/User%20Accounts/Documents/NetBeansProjects/taskmanager/src/taskmanager/Home.java</file>
            <file>file:/D:/User%20Accounts/Documents/NetBeansProjects/taskmanager/src/taskmanager/comptasks.java</file>
        </group>
    </open-files>
</project-private>
